workstream,workstream_sort,project,project_sort,project_status,date,is_milestone,milestone_text
Workstream 1,3,Project 1,1,On Plan,01/10/2024,FALSE,
Workstream 1,3,Project 1,1,On Plan,02/10/2024,FALSE,
Workstream 1,3,Project 1,1,On Plan,03/10/2024,FALSE,
Workstream 1,3,Project 1,1,On Plan,04/10/2024,FALSE,
Workstream 1,3,Project 1,1,On Plan,05/10/2024,FALSE,
Workstream 1,3,Project 1,1,On Plan,06/10/2024,FALSE,
Workstream 1,3,Project 1,1,On Plan,07/10/2024,FALSE,
Workstream 1,3,Project 1,1,On Plan,08/10/2024,FALSE,
Workstream 1,3,Project 1,1,On Plan,09/10/2024,FALSE,
Workstream 1,3,Project 1,1,On Plan,10/10/2024,FALSE,
Workstream 1,3,Project 1,1,On Plan,11/10/2024,FALSE,
Workstream 1,3,Project 1,1,On Plan,12/10/2024,FALSE,
Workstream 1,3,Project 1,1,On Plan,13/10/2024,FALSE,
Workstream 1,3,Project 1,1,On Plan,14/10/2024,FALSE,
Workstream 1,3,Project 1,1,On Plan,15/10/2024,FALSE,
Workstream 1,3,Project 1,1,On Plan,16/10/2024,FALSE,
Workstream 1,3,Project 1,1,On Plan,17/10/2024,FALSE,
Workstream 1,3,Project 1,1,On Plan,18/10/2024,FALSE,
Workstream 1,3,Project 1,1,On Plan,19/10/2024,FALSE,
Workstream 1,3,Project 1,1,On Plan,20/10/2024,FALSE,
Workstream 1,3,Project 1,1,On Plan,21/10/2024,FALSE,
Workstream 1,3,Project 1,1,On Plan,22/10/2024,FALSE,
Workstream 1,3,Project 1,1,On Plan,23/10/2024,FALSE,
Workstream 1,3,Project 1,1,On Plan,24/10/2024,FALSE,
Workstream 1,3,Project 1,1,On Plan,25/10/2024,FALSE,
Workstream 1,3,Project 1,1,On Plan,26/10/2024,FALSE,
Workstream 1,3,Project 1,1,On Plan,27/10/2024,FALSE,
Workstream 1,3,Project 1,1,On Plan,28/10/2024,FALSE,
Workstream 1,3,Project 1,1,On Plan,29/10/2024,FALSE,
Workstream 1,3,Project 1,1,On Plan,30/10/2024,FALSE,
Workstream 1,3,Project 1,1,On Plan,31/10/2024,FALSE,
Workstream 1,3,Project 1,1,On Plan,01/11/2024,FALSE,
Workstream 1,3,Project 1,1,On Plan,02/11/2024,FALSE,
Workstream 1,3,Project 1,1,On Plan,03/11/2024,FALSE,
Workstream 1,3,Project 1,1,On Plan,04/11/2024,FALSE,
Workstream 1,3,Project 1,1,On Plan,05/11/2024,FALSE,
Workstream 1,3,Project 1,1,On Plan,06/11/2024,FALSE,
Workstream 1,3,Project 1,1,On Plan,07/11/2024,FALSE,
Workstream 1,3,Project 1,1,On Plan,08/11/2024,FALSE,
Workstream 1,3,Project 1,1,On Plan,09/11/2024,FALSE,
Workstream 1,3,Project 1,1,On Plan,10/11/2024,FALSE,
Workstream 1,3,Project 1,1,On Plan,11/11/2024,FALSE,
Workstream 1,3,Project 1,1,On Plan,12/11/2024,FALSE,
Workstream 1,3,Project 1,1,On Plan,13/11/2024,FALSE,
Workstream 1,3,Project 1,1,On Plan,14/11/2024,FALSE,
Workstream 1,3,Project 1,1,On Plan,15/11/2024,FALSE,
Workstream 1,3,Project 1,1,On Plan,16/11/2024,FALSE,
Workstream 1,3,Project 1,1,On Plan,17/11/2024,FALSE,
Workstream 1,3,Project 1,1,On Plan,18/11/2024,FALSE,
Workstream 1,3,Project 1,1,On Plan,19/11/2024,FALSE,
Workstream 1,3,Project 1,1,On Plan,20/11/2024,FALSE,
Workstream 1,3,Project 1,1,On Plan,21/11/2024,FALSE,
Workstream 1,3,Project 1,1,On Plan,22/11/2024,FALSE,
Workstream 1,3,Project 1,1,On Plan,23/11/2024,FALSE,
Workstream 1,3,Project 1,1,On Plan,24/11/2024,FALSE,
Workstream 1,3,Project 1,1,On Plan,25/11/2024,FALSE,
Workstream 1,3,Project 1,1,On Plan,26/11/2024,FALSE,
Workstream 1,3,Project 1,1,On Plan,27/11/2024,FALSE,
Workstream 1,3,Project 1,1,On Plan,28/11/2024,FALSE,
Workstream 1,3,Project 1,1,On Plan,29/11/2024,FALSE,
Workstream 1,3,Project 1,1,On Plan,30/11/2024,FALSE,
Workstream 1,3,Project 1,1,On Plan,01/12/2024,FALSE,
Workstream 1,3,Project 1,1,On Plan,02/12/2024,FALSE,
Workstream 1,3,Project 1,1,On Plan,03/12/2024,FALSE,
Workstream 1,3,Project 1,1,On Plan,04/12/2024,FALSE,
Workstream 1,3,Project 1,1,On Plan,05/12/2024,FALSE,
Workstream 1,3,Project 1,1,On Plan,06/12/2024,FALSE,
Workstream 1,3,Project 1,1,On Plan,07/12/2024,FALSE,
Workstream 1,3,Project 1,1,On Plan,08/12/2024,FALSE,
Workstream 1,3,Project 1,1,On Plan,09/12/2024,FALSE,
Workstream 1,3,Project 1,1,On Plan,10/12/2024,FALSE,
Workstream 1,3,Project 1,1,On Plan,11/12/2024,FALSE,
Workstream 1,3,Project 1,1,On Plan,12/12/2024,FALSE,
Workstream 1,3,Project 1,1,On Plan,13/12/2024,FALSE,
Workstream 1,3,Project 1,1,On Plan,14/12/2024,FALSE,
Workstream 1,3,Project 1,1,On Plan,15/12/2024,FALSE,
Workstream 1,3,Project 1,1,On Plan,16/12/2024,FALSE,
Workstream 1,3,Project 1,1,On Plan,17/12/2024,FALSE,
Workstream 1,3,Project 1,1,On Plan,18/12/2024,FALSE,
Workstream 1,3,Project 1,1,On Plan,19/12/2024,FALSE,
Workstream 1,3,Project 1,1,On Plan,20/12/2024,FALSE,
Workstream 1,3,Project 1,1,On Plan,21/12/2024,FALSE,
Workstream 1,3,Project 1,1,On Plan,22/12/2024,FALSE,
Workstream 1,3,Project 1,1,On Plan,23/12/2024,FALSE,
Workstream 1,3,Project 1,1,On Plan,24/12/2024,FALSE,
Workstream 1,3,Project 1,1,On Plan,25/12/2024,FALSE,
Workstream 1,3,Project 1,1,On Plan,26/12/2024,FALSE,
Workstream 1,3,Project 1,1,On Plan,27/12/2024,FALSE,
Workstream 1,3,Project 1,1,On Plan,28/12/2024,FALSE,
Workstream 1,3,Project 1,1,On Plan,29/12/2024,FALSE,
Workstream 1,3,Project 1,1,On Plan,30/12/2024,FALSE,
Workstream 1,3,Project 1,1,On Plan,31/12/2024,FALSE,
Workstream 1,3,Project 1,1,On Plan,01/01/2025,FALSE,
Workstream 1,3,Project 1,1,On Plan,02/01/2025,FALSE,
Workstream 1,3,Project 1,1,On Plan,03/01/2025,FALSE,
Workstream 1,3,Project 1,1,On Plan,04/01/2025,FALSE,
Workstream 1,3,Project 1,1,On Plan,05/01/2025,FALSE,
Workstream 1,3,Project 1,1,On Plan,06/01/2025,FALSE,
Workstream 1,3,Project 1,1,On Plan,07/01/2025,FALSE,
Workstream 1,3,Project 1,1,On Plan,08/01/2025,FALSE,
Workstream 1,3,Project 1,1,On Plan,09/01/2025,FALSE,
Workstream 1,3,Project 1,1,On Plan,10/01/2025,FALSE,
Workstream 1,3,Project 1,1,On Plan,11/01/2025,FALSE,
Workstream 1,3,Project 1,1,On Plan,12/01/2025,FALSE,
Workstream 1,3,Project 1,1,On Plan,13/01/2025,FALSE,
Workstream 1,3,Project 1,1,On Plan,14/01/2025,FALSE,
Workstream 1,3,Project 1,1,On Plan,15/01/2025,FALSE,
Workstream 1,3,Project 1,1,On Plan,16/01/2025,FALSE,
Workstream 1,3,Project 1,1,On Plan,17/01/2025,FALSE,
Workstream 1,3,Project 1,1,On Plan,18/01/2025,FALSE,
Workstream 1,3,Project 1,1,On Plan,19/01/2025,FALSE,
Workstream 1,3,Project 1,1,On Plan,20/01/2025,FALSE,
Workstream 1,3,Project 1,1,On Plan,21/01/2025,FALSE,
Workstream 1,3,Project 1,1,On Plan,22/01/2025,FALSE,
Workstream 1,3,Project 1,1,On Plan,23/01/2025,FALSE,
Workstream 1,3,Project 1,1,On Plan,24/01/2025,FALSE,
Workstream 1,3,Project 1,1,On Plan,25/01/2025,FALSE,
Workstream 1,3,Project 1,1,On Plan,26/01/2025,FALSE,
Workstream 1,3,Project 1,1,On Plan,27/01/2025,FALSE,
Workstream 1,3,Project 1,1,On Plan,28/01/2025,FALSE,
Workstream 1,3,Project 1,1,On Plan,29/01/2025,FALSE,
Workstream 1,3,Project 1,1,On Plan,30/01/2025,FALSE,
Workstream 1,3,Project 1,1,On Plan,31/01/2025,FALSE,
Workstream 1,3,Project 1,1,On Plan,01/02/2025,FALSE,
Workstream 1,3,Project 1,1,On Plan,02/02/2025,FALSE,
Workstream 1,3,Project 1,1,On Plan,03/02/2025,FALSE,
Workstream 1,3,Project 1,1,On Plan,04/02/2025,FALSE,
Workstream 1,3,Project 1,1,On Plan,05/02/2025,FALSE,
Workstream 1,3,Project 1,1,On Plan,06/02/2025,FALSE,
Workstream 1,3,Project 1,1,On Plan,07/02/2025,FALSE,
Workstream 1,3,Project 1,1,On Plan,08/02/2025,FALSE,
Workstream 1,3,Project 1,1,On Plan,09/02/2025,FALSE,
Workstream 1,3,Project 1,1,On Plan,10/02/2025,FALSE,
Workstream 1,3,Project 1,1,On Plan,11/02/2025,FALSE,
Workstream 1,3,Project 1,1,On Plan,12/02/2025,FALSE,
Workstream 1,3,Project 1,1,On Plan,13/02/2025,FALSE,
Workstream 1,3,Project 1,1,On Plan,14/02/2025,FALSE,
Workstream 1,3,Project 1,1,On Plan,15/02/2025,FALSE,
Workstream 1,3,Project 1,1,On Plan,16/02/2025,FALSE,
Workstream 1,3,Project 1,1,On Plan,17/02/2025,FALSE,
Workstream 1,3,Project 1,1,On Plan,18/02/2025,FALSE,
Workstream 1,3,Project 1,1,On Plan,19/02/2025,FALSE,
Workstream 1,3,Project 1,1,On Plan,20/02/2025,FALSE,
Workstream 1,3,Project 1,1,On Plan,21/02/2025,FALSE,
Workstream 1,3,Project 1,1,On Plan,22/02/2025,FALSE,
Workstream 1,3,Project 1,1,On Plan,23/02/2025,FALSE,
Workstream 1,3,Project 1,1,On Plan,24/02/2025,FALSE,
Workstream 1,3,Project 1,1,On Plan,25/02/2025,FALSE,
Workstream 1,3,Project 1,1,On Plan,26/02/2025,FALSE,
Workstream 1,3,Project 1,1,On Plan,27/02/2025,FALSE,
Workstream 1,3,Project 1,1,On Plan,28/02/2025,FALSE,
Workstream 1,3,Project 1,1,On Plan,01/03/2025,FALSE,
Workstream 1,3,Project 1,1,On Plan,02/03/2025,FALSE,
Workstream 1,3,Project 1,1,On Plan,03/03/2025,FALSE,
Workstream 1,3,Project 1,1,On Plan,04/03/2025,FALSE,
Workstream 1,3,Project 1,1,On Plan,05/03/2025,FALSE,
Workstream 1,3,Project 1,1,On Plan,06/03/2025,FALSE,
Workstream 1,3,Project 1,1,On Plan,07/03/2025,FALSE,
Workstream 1,3,Project 1,1,On Plan,08/03/2025,FALSE,
Workstream 1,3,Project 1,1,On Plan,09/03/2025,FALSE,
Workstream 1,3,Project 1,1,On Plan,10/03/2025,FALSE,
Workstream 1,3,Project 1,1,On Plan,11/03/2025,FALSE,
Workstream 1,3,Project 1,1,On Plan,12/03/2025,FALSE,
Workstream 1,3,Project 1,1,On Plan,13/03/2025,FALSE,
Workstream 1,3,Project 1,1,On Plan,14/03/2025,FALSE,
Workstream 1,3,Project 1,1,On Plan,15/03/2025,FALSE,
Workstream 1,3,Project 1,1,On Plan,16/03/2025,FALSE,
Workstream 1,3,Project 1,1,On Plan,17/03/2025,FALSE,
Workstream 1,3,Project 1,1,On Plan,18/03/2025,FALSE,
Workstream 1,3,Project 1,1,On Plan,19/03/2025,FALSE,
Workstream 1,3,Project 1,1,On Plan,20/03/2025,FALSE,
Workstream 1,3,Project 1,1,On Plan,21/03/2025,FALSE,
Workstream 1,3,Project 1,1,On Plan,22/03/2025,FALSE,
Workstream 1,3,Project 1,1,On Plan,23/03/2025,FALSE,
Workstream 1,3,Project 1,1,On Plan,24/03/2025,FALSE,
Workstream 1,3,Project 1,1,On Plan,25/03/2025,FALSE,
Workstream 1,3,Project 1,1,On Plan,26/03/2025,FALSE,
Workstream 1,3,Project 1,1,On Plan,27/03/2025,FALSE,
Workstream 1,3,Project 1,1,On Plan,28/03/2025,FALSE,
Workstream 1,3,Project 1,1,On Plan,29/03/2025,FALSE,
Workstream 1,3,Project 1,1,On Plan,30/03/2025,FALSE,
Workstream 1,3,Project 1,1,On Plan,31/03/2025,FALSE,
Workstream 1,3,Project 1,1,On Plan,01/04/2025,FALSE,
Workstream 1,3,Project 1,1,On Plan,02/04/2025,FALSE,
Workstream 1,3,Project 1,1,On Plan,03/04/2025,FALSE,
Workstream 1,3,Project 1,1,On Plan,04/04/2025,FALSE,
Workstream 1,3,Project 1,1,On Plan,05/04/2025,FALSE,
Workstream 1,3,Project 1,1,On Plan,06/04/2025,FALSE,
Workstream 1,3,Project 1,1,On Plan,07/04/2025,FALSE,
Workstream 1,3,Project 1,1,On Plan,08/04/2025,FALSE,
Workstream 1,3,Project 1,1,On Plan,09/04/2025,FALSE,
Workstream 1,3,Project 1,1,On Plan,10/04/2025,FALSE,
Workstream 1,3,Project 1,1,On Plan,11/04/2025,FALSE,
Workstream 1,3,Project 1,1,On Plan,12/04/2025,FALSE,
Workstream 1,3,Project 1,1,On Plan,13/04/2025,FALSE,
Workstream 1,3,Project 1,1,On Plan,14/04/2025,FALSE,
Workstream 1,3,Project 1,1,On Plan,15/04/2025,FALSE,
Workstream 1,3,Project 1,1,On Plan,16/04/2025,FALSE,
Workstream 1,3,Project 1,1,On Plan,17/04/2025,FALSE,
Workstream 1,3,Project 1,1,On Plan,18/04/2025,FALSE,
Workstream 1,3,Project 1,1,On Plan,19/04/2025,FALSE,
Workstream 1,3,Project 1,1,On Plan,20/04/2025,FALSE,
Workstream 1,3,Project 1,1,On Plan,21/04/2025,FALSE,
Workstream 1,3,Project 1,1,On Plan,22/04/2025,FALSE,
Workstream 1,3,Project 1,1,On Plan,23/04/2025,FALSE,
Workstream 1,3,Project 1,1,On Plan,24/04/2025,FALSE,
Workstream 1,3,Project 1,1,On Plan,25/04/2025,FALSE,
Workstream 1,3,Project 1,1,On Plan,26/04/2025,FALSE,
Workstream 1,3,Project 1,1,On Plan,27/04/2025,FALSE,
Workstream 1,3,Project 1,1,On Plan,28/04/2025,FALSE,
Workstream 1,3,Project 1,1,On Plan,29/04/2025,FALSE,
Workstream 1,3,Project 1,1,On Plan,30/04/2025,FALSE,
Workstream 1,3,Project 1,1,On Plan,01/05/2025,FALSE,
Workstream 1,3,Project 1,1,On Plan,02/05/2025,FALSE,
Workstream 1,3,Project 1,1,On Plan,03/05/2025,FALSE,
Workstream 1,3,Project 1,1,On Plan,04/05/2025,FALSE,
Workstream 1,3,Project 1,1,On Plan,05/05/2025,FALSE,
Workstream 1,3,Project 1,1,On Plan,06/05/2025,FALSE,
Workstream 1,3,Project 1,1,On Plan,07/05/2025,FALSE,
Workstream 1,3,Project 1,1,On Plan,08/05/2025,FALSE,
Workstream 1,3,Project 1,1,On Plan,09/05/2025,FALSE,
Workstream 1,3,Project 1,1,On Plan,10/05/2025,FALSE,
Workstream 1,3,Project 1,1,On Plan,11/05/2025,FALSE,
Workstream 1,3,Project 1,1,On Plan,12/05/2025,FALSE,
Workstream 1,3,Project 1,1,On Plan,13/05/2025,FALSE,
Workstream 1,3,Project 1,1,On Plan,14/05/2025,FALSE,
Workstream 1,3,Project 1,1,On Plan,15/05/2025,FALSE,
Workstream 1,3,Project 1,1,On Plan,16/05/2025,FALSE,
Workstream 1,3,Project 1,1,On Plan,17/05/2025,FALSE,
Workstream 1,3,Project 1,1,On Plan,18/05/2025,FALSE,
Workstream 1,3,Project 1,1,On Plan,19/05/2025,FALSE,
Workstream 1,3,Project 1,1,On Plan,20/05/2025,FALSE,
Workstream 1,3,Project 1,1,On Plan,21/05/2025,FALSE,
Workstream 1,3,Project 1,1,On Plan,22/05/2025,FALSE,
Workstream 1,3,Project 1,1,On Plan,23/05/2025,FALSE,
Workstream 1,3,Project 1,1,On Plan,24/05/2025,FALSE,
Workstream 1,3,Project 1,1,On Plan,25/05/2025,FALSE,
Workstream 1,3,Project 1,1,On Plan,26/05/2025,FALSE,
Workstream 1,3,Project 1,1,On Plan,27/05/2025,FALSE,
Workstream 1,3,Project 1,1,On Plan,28/05/2025,FALSE,
Workstream 1,3,Project 1,1,On Plan,29/05/2025,FALSE,
Workstream 1,3,Project 1,1,On Plan,30/05/2025,FALSE,
Workstream 1,3,Project 1,1,On Plan,31/05/2025,FALSE,
Workstream 1,3,Project 1,1,On Plan,01/06/2025,FALSE,
Workstream 1,3,Project 1,1,On Plan,02/06/2025,FALSE,
Workstream 1,3,Project 1,1,On Plan,03/06/2025,FALSE,
Workstream 1,3,Project 1,1,On Plan,04/06/2025,FALSE,
Workstream 1,3,Project 1,1,On Plan,05/06/2025,FALSE,
Workstream 1,3,Project 1,1,On Plan,06/06/2025,FALSE,
Workstream 1,3,Project 1,1,On Plan,07/06/2025,FALSE,
Workstream 1,3,Project 1,1,On Plan,08/06/2025,FALSE,
Workstream 1,3,Project 1,1,On Plan,09/06/2025,FALSE,
Workstream 1,3,Project 1,1,On Plan,10/06/2025,FALSE,
Workstream 1,3,Project 1,1,On Plan,11/06/2025,FALSE,
Workstream 1,3,Project 1,1,On Plan,12/06/2025,FALSE,
Workstream 1,3,Project 1,1,On Plan,13/06/2025,FALSE,
Workstream 1,3,Project 1,1,On Plan,14/06/2025,FALSE,
Workstream 1,3,Project 1,1,On Plan,15/06/2025,FALSE,
Workstream 1,3,Project 1,1,On Plan,16/06/2025,FALSE,
Workstream 1,3,Project 1,1,On Plan,17/06/2025,FALSE,
Workstream 1,3,Project 1,1,On Plan,18/06/2025,FALSE,
Workstream 1,3,Project 1,1,On Plan,19/06/2025,FALSE,
Workstream 1,3,Project 1,1,On Plan,20/06/2025,FALSE,
Workstream 1,3,Project 1,1,On Plan,21/06/2025,FALSE,
Workstream 1,3,Project 1,1,On Plan,22/06/2025,FALSE,
Workstream 1,3,Project 1,1,On Plan,23/06/2025,FALSE,
Workstream 1,3,Project 1,1,On Plan,24/06/2025,FALSE,
Workstream 1,3,Project 1,1,On Plan,25/06/2025,FALSE,
Workstream 1,3,Project 1,1,On Plan,26/06/2025,FALSE,
Workstream 1,3,Project 1,1,On Plan,27/06/2025,FALSE,
Workstream 1,3,Project 1,1,On Plan,28/06/2025,FALSE,
Workstream 1,3,Project 1,1,On Plan,29/06/2025,FALSE,
Workstream 1,3,Project 1,1,On Plan,30/06/2025,FALSE,
Workstream 1,3,Project 1,1,On Plan,01/07/2025,FALSE,
Workstream 1,3,Project 1,1,On Plan,02/07/2025,FALSE,
Workstream 1,3,Project 1,1,On Plan,03/07/2025,FALSE,
Workstream 1,3,Project 1,1,On Plan,04/07/2025,FALSE,
Workstream 1,3,Project 1,1,On Plan,05/07/2025,FALSE,
Workstream 1,3,Project 1,1,On Plan,06/07/2025,FALSE,
Workstream 1,3,Project 1,1,On Plan,07/07/2025,FALSE,
Workstream 1,3,Project 1,1,On Plan,08/07/2025,FALSE,
Workstream 1,3,Project 1,1,On Plan,09/07/2025,FALSE,
Workstream 1,3,Project 1,1,On Plan,10/07/2025,FALSE,
Workstream 1,3,Project 1,1,On Plan,11/07/2025,FALSE,
Workstream 1,3,Project 1,1,On Plan,12/07/2025,FALSE,
Workstream 1,3,Project 1,1,On Plan,13/07/2025,FALSE,
Workstream 1,3,Project 1,1,On Plan,14/07/2025,FALSE,
Workstream 1,3,Project 1,1,On Plan,15/07/2025,FALSE,
Workstream 1,3,Project 1,1,On Plan,16/07/2025,FALSE,
Workstream 1,3,Project 1,1,On Plan,17/07/2025,FALSE,
Workstream 1,3,Project 1,1,On Plan,18/07/2025,FALSE,
Workstream 1,3,Project 1,1,On Plan,19/07/2025,FALSE,
Workstream 1,3,Project 1,1,On Plan,20/07/2025,FALSE,
Workstream 1,3,Project 1,1,On Plan,21/07/2025,FALSE,
Workstream 1,3,Project 1,1,On Plan,22/07/2025,FALSE,
Workstream 1,3,Project 1,1,On Plan,23/07/2025,FALSE,
Workstream 1,3,Project 1,1,On Plan,24/07/2025,FALSE,
Workstream 1,3,Project 1,1,On Plan,25/07/2025,FALSE,
Workstream 1,3,Project 1,1,On Plan,26/07/2025,FALSE,
Workstream 1,3,Project 1,1,On Plan,27/07/2025,FALSE,
Workstream 1,3,Project 1,1,On Plan,28/07/2025,FALSE,
Workstream 1,3,Project 1,1,On Plan,29/07/2025,FALSE,
Workstream 1,3,Project 1,1,On Plan,30/07/2025,FALSE,
Workstream 1,3,Project 1,1,On Plan,31/07/2025,FALSE,
Workstream 1,3,Project 1,1,On Plan,01/08/2025,FALSE,
Workstream 1,3,Project 1,1,On Plan,02/08/2025,FALSE,
Workstream 1,3,Project 1,1,On Plan,03/08/2025,FALSE,
Workstream 1,3,Project 1,1,On Plan,04/08/2025,FALSE,
Workstream 1,3,Project 1,1,On Plan,05/08/2025,FALSE,
Workstream 1,3,Project 1,1,On Plan,06/08/2025,FALSE,
Workstream 1,3,Project 1,1,On Plan,07/08/2025,FALSE,
Workstream 1,3,Project 1,1,On Plan,08/08/2025,FALSE,
Workstream 1,3,Project 1,1,On Plan,09/08/2025,FALSE,
Workstream 1,3,Project 1,1,On Plan,10/08/2025,FALSE,
Workstream 1,3,Project 1,1,On Plan,11/08/2025,FALSE,
Workstream 1,3,Project 1,1,On Plan,12/08/2025,FALSE,
Workstream 1,3,Project 1,1,On Plan,13/08/2025,FALSE,
Workstream 1,3,Project 1,1,On Plan,14/08/2025,FALSE,
Workstream 1,3,Project 1,1,On Plan,15/08/2025,FALSE,
Workstream 1,3,Project 1,1,On Plan,16/08/2025,FALSE,
Workstream 1,3,Project 1,1,On Plan,17/08/2025,FALSE,
Workstream 1,3,Project 1,1,On Plan,18/08/2025,FALSE,
Workstream 1,3,Project 1,1,On Plan,19/08/2025,FALSE,
Workstream 1,3,Project 1,1,On Plan,20/08/2025,FALSE,
Workstream 1,3,Project 1,1,On Plan,21/08/2025,FALSE,
Workstream 1,3,Project 1,1,On Plan,22/08/2025,FALSE,
Workstream 1,3,Project 1,1,On Plan,23/08/2025,FALSE,
Workstream 1,3,Project 1,1,On Plan,24/08/2025,FALSE,
Workstream 1,3,Project 1,1,On Plan,25/08/2025,FALSE,
Workstream 1,3,Project 1,1,On Plan,26/08/2025,FALSE,
Workstream 1,3,Project 1,1,On Plan,27/08/2025,FALSE,
Workstream 1,3,Project 1,1,On Plan,28/08/2025,FALSE,
Workstream 1,3,Project 1,1,On Plan,29/08/2025,FALSE,
Workstream 1,3,Project 1,1,On Plan,30/08/2025,FALSE,
Workstream 1,3,Project 1,1,On Plan,31/08/2025,FALSE,
Workstream 1,3,Project 1,1,On Plan,01/09/2025,FALSE,
Workstream 1,3,Project 1,1,On Plan,02/09/2025,FALSE,
Workstream 1,3,Project 1,1,On Plan,03/09/2025,FALSE,
Workstream 1,3,Project 1,1,On Plan,04/09/2025,FALSE,
Workstream 1,3,Project 1,1,On Plan,05/09/2025,FALSE,
Workstream 1,3,Project 1,1,On Plan,06/09/2025,FALSE,
Workstream 1,3,Project 1,1,On Plan,07/09/2025,FALSE,
Workstream 1,3,Project 1,1,On Plan,08/09/2025,FALSE,
Workstream 1,3,Project 1,1,On Plan,09/09/2025,FALSE,
Workstream 1,3,Project 1,1,On Plan,10/09/2025,FALSE,
Workstream 1,3,Project 1,1,On Plan,11/09/2025,FALSE,
Workstream 1,3,Project 1,1,On Plan,12/09/2025,FALSE,
Workstream 1,3,Project 1,1,On Plan,13/09/2025,FALSE,
Workstream 1,3,Project 1,1,On Plan,14/09/2025,FALSE,
Workstream 1,3,Project 1,1,On Plan,15/09/2025,FALSE,
Workstream 1,3,Project 1,1,On Plan,16/09/2025,FALSE,
Workstream 1,3,Project 1,1,On Plan,17/09/2025,FALSE,
Workstream 1,3,Project 1,1,On Plan,18/09/2025,FALSE,
Workstream 1,3,Project 1,1,On Plan,19/09/2025,FALSE,
Workstream 1,3,Project 1,1,On Plan,20/09/2025,FALSE,
Workstream 1,3,Project 1,1,On Plan,21/09/2025,FALSE,
Workstream 1,3,Project 1,1,On Plan,22/09/2025,FALSE,
Workstream 1,3,Project 1,1,On Plan,23/09/2025,FALSE,
Workstream 1,3,Project 1,1,On Plan,24/09/2025,FALSE,
Workstream 1,3,Project 1,1,On Plan,25/09/2025,FALSE,
Workstream 1,3,Project 1,1,On Plan,26/09/2025,FALSE,
Workstream 1,3,Project 1,1,On Plan,27/09/2025,FALSE,
Workstream 1,3,Project 1,1,On Plan,28/09/2025,FALSE,
Workstream 1,3,Project 1,1,On Plan,29/09/2025,FALSE,
Workstream 1,3,Project 1,1,On Plan,30/09/2025,FALSE,
Workstream 1,3,Project 2,2,Closed,01/10/2024,FALSE,
Workstream 1,3,Project 2,2,Closed,02/10/2024,FALSE,
Workstream 1,3,Project 2,2,Closed,03/10/2024,FALSE,
Workstream 1,3,Project 2,2,Closed,04/10/2024,FALSE,
Workstream 1,3,Project 2,2,Closed,05/10/2024,FALSE,
Workstream 1,3,Project 2,2,Closed,06/10/2024,FALSE,
Workstream 1,3,Project 2,2,Closed,07/10/2024,FALSE,
Workstream 1,3,Project 2,2,Closed,08/10/2024,FALSE,
Workstream 1,3,Project 2,2,Closed,09/10/2024,FALSE,
Workstream 1,3,Project 2,2,Closed,10/10/2024,FALSE,
Workstream 1,3,Project 2,2,Closed,11/10/2024,FALSE,
Workstream 1,3,Project 2,2,Closed,12/10/2024,FALSE,
Workstream 1,3,Project 2,2,Closed,13/10/2024,FALSE,
Workstream 1,3,Project 2,2,Closed,14/10/2024,FALSE,
Workstream 1,3,Project 2,2,Closed,15/10/2024,FALSE,
Workstream 1,3,Project 2,2,Closed,16/10/2024,FALSE,
Workstream 1,3,Project 2,2,Closed,17/10/2024,FALSE,
Workstream 1,3,Project 2,2,Closed,18/10/2024,FALSE,
Workstream 1,3,Project 2,2,Closed,19/10/2024,FALSE,
Workstream 1,3,Project 2,2,Closed,20/10/2024,FALSE,
Workstream 1,3,Project 2,2,Closed,21/10/2024,FALSE,
Workstream 1,3,Project 2,2,Closed,22/10/2024,FALSE,
Workstream 1,3,Project 2,2,Closed,23/10/2024,FALSE,
Workstream 1,3,Project 2,2,Closed,24/10/2024,FALSE,
Workstream 1,3,Project 2,2,Closed,25/10/2024,FALSE,
Workstream 1,3,Project 2,2,Closed,26/10/2024,FALSE,
Workstream 1,3,Project 2,2,Closed,27/10/2024,FALSE,
Workstream 1,3,Project 2,2,Closed,28/10/2024,FALSE,
Workstream 1,3,Project 2,2,Closed,29/10/2024,FALSE,
Workstream 1,3,Project 2,2,Closed,30/10/2024,FALSE,
Workstream 1,3,Project 2,2,Closed,31/10/2024,FALSE,
Workstream 1,3,Project 2,2,Closed,01/11/2024,FALSE,
Workstream 1,3,Project 2,2,Closed,02/11/2024,FALSE,
Workstream 1,3,Project 2,2,Closed,03/11/2024,FALSE,
Workstream 1,3,Project 2,2,Closed,04/11/2024,FALSE,
Workstream 1,3,Project 2,2,Closed,05/11/2024,FALSE,
Workstream 1,3,Project 2,2,Closed,06/11/2024,FALSE,
Workstream 1,3,Project 2,2,Closed,07/11/2024,FALSE,
Workstream 1,3,Project 2,2,Closed,08/11/2024,FALSE,
Workstream 1,3,Project 2,2,Closed,09/11/2024,FALSE,
Workstream 1,3,Project 2,2,Closed,10/11/2024,FALSE,
Workstream 1,3,Project 2,2,Closed,11/11/2024,FALSE,
Workstream 1,3,Project 2,2,Closed,12/11/2024,FALSE,
Workstream 1,3,Project 2,2,Closed,13/11/2024,FALSE,
Workstream 1,3,Project 2,2,Closed,14/11/2024,FALSE,
Workstream 1,3,Project 2,2,Closed,15/11/2024,FALSE,
Workstream 1,3,Project 2,2,Closed,16/11/2024,FALSE,
Workstream 1,3,Project 2,2,Closed,17/11/2024,FALSE,
Workstream 1,3,Project 2,2,Closed,18/11/2024,FALSE,
Workstream 1,3,Project 2,2,Closed,19/11/2024,FALSE,
Workstream 1,3,Project 2,2,Closed,20/11/2024,FALSE,
Workstream 1,3,Project 2,2,Closed,21/11/2024,FALSE,
Workstream 1,3,Project 2,2,Closed,22/11/2024,FALSE,
Workstream 1,3,Project 2,2,Closed,23/11/2024,FALSE,
Workstream 1,3,Project 2,2,Closed,24/11/2024,FALSE,
Workstream 1,3,Project 2,2,Closed,25/11/2024,FALSE,
Workstream 1,3,Project 2,2,Closed,26/11/2024,FALSE,
Workstream 1,3,Project 2,2,Closed,27/11/2024,FALSE,
Workstream 1,3,Project 2,2,Closed,28/11/2024,FALSE,
Workstream 1,3,Project 2,2,Closed,29/11/2024,FALSE,
Workstream 1,3,Project 2,2,Closed,30/11/2024,FALSE,
Workstream 1,3,Project 2,2,Closed,01/12/2024,FALSE,
Workstream 1,3,Project 2,2,Closed,02/12/2024,FALSE,
Workstream 1,3,Project 2,2,Closed,03/12/2024,FALSE,
Workstream 1,3,Project 2,2,Closed,04/12/2024,FALSE,
Workstream 1,3,Project 2,2,Closed,05/12/2024,FALSE,
Workstream 1,3,Project 2,2,Closed,06/12/2024,FALSE,
Workstream 1,3,Project 2,2,Closed,07/12/2024,FALSE,
Workstream 1,3,Project 2,2,Closed,08/12/2024,FALSE,
Workstream 1,3,Project 2,2,Closed,09/12/2024,FALSE,
Workstream 1,3,Project 2,2,Closed,10/12/2024,FALSE,
Workstream 1,3,Project 2,2,Closed,11/12/2024,FALSE,
Workstream 1,3,Project 2,2,Closed,12/12/2024,FALSE,
Workstream 1,3,Project 2,2,Closed,13/12/2024,FALSE,
Workstream 1,3,Project 2,2,Closed,14/12/2024,FALSE,
Workstream 1,3,Project 2,2,Closed,15/12/2024,FALSE,
Workstream 1,3,Project 2,2,Closed,16/12/2024,FALSE,
Workstream 1,3,Project 2,2,Closed,17/12/2024,FALSE,
Workstream 1,3,Project 2,2,Closed,18/12/2024,FALSE,
Workstream 1,3,Project 2,2,Closed,19/12/2024,FALSE,
Workstream 1,3,Project 2,2,Closed,20/12/2024,FALSE,
Workstream 1,3,Project 2,2,Closed,21/12/2024,FALSE,
Workstream 1,3,Project 2,2,Closed,22/12/2024,FALSE,
Workstream 1,3,Project 2,2,Closed,23/12/2024,FALSE,
Workstream 1,3,Project 2,2,Closed,24/12/2024,FALSE,
Workstream 1,3,Project 2,2,Closed,25/12/2024,FALSE,
Workstream 1,3,Project 2,2,Closed,26/12/2024,FALSE,
Workstream 1,3,Project 2,2,Closed,27/12/2024,FALSE,
Workstream 1,3,Project 2,2,Closed,28/12/2024,FALSE,
